date,pe_ttm,percentile,exact,raw_band,band,window_start,full_window
2016-09-30,23.67,,,,,,false
2016-10-10,23.61,,,,,,false
2016-10-17,23.29,,,,,,false
2016-10-24,23.58,,,,,,false
2016-10-31,23.21,,,,,,false
2016-11-07,22.41,,,,,,false
2016-11-14,22.8,,,,,,false
2016-11-21,23.18,,,,,,false
2016-11-28,23.26,,,,,,false
2016-12-05,23.27,,,,,,false
2016-12-12,23.84,,,,,,false
2016-12-19,23.9,,,,,,false
2016-12-26,23.9,,,,,,false
2017-01-03,23.83,,,,,,false
2017-01-09,23.96,,,,,,false
2017-01-16,23.91,,,,,,false
2017-01-23,23.51,,,,,,false
2017-02-03,23.34,,,,,,false
2017-02-08,23.49,,,,,,false
2017-02-13,23.7,,,,,,false
2017-02-20,23.75,,,,,,false
2017-02-27,23.58,,,,,,false
2017-03-06,23.61,,,,,,false
2017-03-13,23.63,,,,,,false
2017-03-20,23.65,,,,,,false
2017-03-27,23.3,,,,,,false
2017-04-05,23.32,,,,,,false
2017-04-10,23.35,,,,,,false
2017-04-17,23.27,,,,,,false
2017-04-24,23.39,,,,,,false
2017-05-02,22.98,,,,,,false
2017-05-08,22.96,,,,,,false
2017-05-15,23.07,,,,,,false
2017-05-22,22.93,,,,,,false
2017-05-31,23.23,,,,,,false
2017-06-05,23.43,,,,,,false
2017-06-12,23.34,,,,,,false
2017-06-19,23.51,,,,,,false
2017-06-26,23.4,,,,,,false
2017-07-03,23.2,,,,,,false
2017-07-10,23.14,,,,,,false
2017-07-17,23.43,,,,,,false
2017-07-24,23.36,,,,,,false
2017-07-31,23.1,,,,,,false
2017-08-07,23.02,,,,,,false
2017-08-14,22.89,,,,,,false
2017-08-21,22.54,,,,,,false
2017-08-28,22.65,,,,,,false
2017-09-04,22.93,,,,,,false
2017-09-11,23.08,,,,,,false
2017-09-18,23.14,,,,,,false
2017-09-25,23.07,,,,,,false
2017-10-09,23.48,,,,,,false
2017-10-16,23.59,,,,,,false
2017-10-23,23.54,,,,,,false
2017-10-30,23.47,,,,,,false
2017-11-06,24.08,,,,,,false
2017-11-13,23.9,,,,,,false
2017-11-20,23.9,,,,,,false
2017-11-27,24.04,,,,,,false
2017-12-04,24.32,,,,,,false
2017-12-11,24.51,,,,,,false
2017-12-18,24.82,,,,,,false
2017-12-25,24.66,,,,,,false
2018-01-02,24.77,,,,,,false
2018-01-08,25.25,,,,,,false
2018-01-15,25.56,,,,,,false
2018-01-22,26.87,,,,,,false
2018-01-29,27.39,,,,,,false
2018-02-05,25.31,,,,,,false
2018-02-12,25.41,,,,,,false
2018-02-22,25.49,,,,,,false
2018-02-27,25.14,,,,,,false
2018-03-05,24.95,,,,,,false
2018-03-12,25.5,,,,,,false
2018-03-19,24.87,,,,,,false
2018-03-26,24.26,,,,,,false
2018-04-02,23.51,,,,,,false
2018-04-09,23.8,,,,,,false
2018-04-16,24.25,,,,,,false
2018-04-23,23.92,,,,,,false
2018-05-02,22.78,,,,,,false
2018-05-07,23.17,,,,,,false
2018-05-14,23.67,,,,,,false
2018-05-21,23.68,,,,,,false
2018-05-28,23.6,,,,,,false
2018-06-04,23.86,,,,,,false
2018-06-11,24.13,,,,,,false
2018-06-19,23.99,,,,,,false
2018-06-25,23.49,,,,,,false
2018-07-02,23.52,,,,,,false
2018-07-09,24.02,,,,,,false
2018-07-16,24.07,,,,,,false
2018-07-23,23.85,,,,,,false
2018-07-30,23.29,,,,,,false
2018-08-06,23.35,,,,,,false
2018-08-13,23.11,,,,,,false
2018-08-20,23.37,,,,,,false
2018-08-27,23.67,,,,,,false
2018-09-03,23.69,,,,,,false
2018-09-10,23.43,,,,,,false
2018-09-17,23.47,,,,,,false
2018-09-25,23.65,,,,,,false
2018-10-08,23.35,,,,,,false
2018-10-15,22.12,,,,,,false
2018-10-22,22.02,,,,,,false
2018-10-29,20.54,,,,,,false
2018-11-05,21.22,,,,,,false
2018-11-12,21.1,,,,,,false
2018-11-19,20.7,,,,,,false
2018-11-26,20.69,,,,,,false
2018-12-03,20.9,,,,,,false
2018-12-10,19.94,,,,,,false
2018-12-17,19.27,,,,,,false
2018-12-24,18.28,,,,,,false
2019-01-02,18.98,,,,,,false
2019-01-07,19.2,,,,,,false
2019-01-14,19.65,,,,,,false
2019-01-21,19.61,,,,,,false
2019-01-28,19.46,,,,,,false
2019-02-11,18.93,,,,,,false
2019-02-18,19.15,,,,,,false
2019-02-25,20.43,,,,,,false
2019-03-04,20.53,,,,,,false
2019-03-11,20.16,,,,,,false
2019-03-18,20.72,,,,,,false
2019-03-25,20.92,,,,,,false
2019-04-01,21.14,,,,,,false
2019-04-08,21.55,,,,,,false
2019-04-15,21.63,,,,,,false
2019-04-22,21.61,,,,,,false
2019-04-29,21.99,,,,,,false
2019-05-06,21.4,,,,,,false
2019-05-13,21.04,,,,,,false
2019-05-20,20.87,,,,,,false
2019-05-27,20.62,,,,,,false
2019-06-03,20.07,,,,,,false
2019-06-10,20.87,,,,,,false
2019-06-17,21.04,,,,,,false
2019-06-24,21.52,,,,,,false
2019-07-01,21.56,,,,,,false
2019-07-08,21.94,,,,,,false
2019-07-15,22.19,,,,,,false
2019-07-22,21.72,,,,,,false
2019-07-29,22.05,,,,,,false
2019-08-05,21.27,,,,,,false
2019-08-12,21.11,,,,,,false
2019-08-19,20.87,,,,,,false
2019-08-26,20.59,,,,,,false
2019-09-02,21.22,,,,,,false
2019-09-09,21.6,,,,,,false
2019-09-16,21.82,,,,,,false
2019-09-23,21.7,,,,,,false
2019-09-30,21.54,,,,,,false
2019-10-08,21.39,,,,,,false
2019-10-14,21.62,,,,,,false
2019-10-21,21.98,,,,,,false
2019-10-28,22.44,,,,,,false
2019-11-04,22.4,,,,,,false
2019-11-11,22.86,,,,,,false
2019-11-18,23.11,,,,,,false
2019-11-25,23.1,,,,,,false
2019-12-02,23.32,,,,,,false
2019-12-09,23.41,,,,,,false
2019-12-16,23.57,,,,,,false
2019-12-23,24.01,,,,,,false
2019-12-30,24.15,,,,,,false
2020-01-06,24.12,,,,,,false
2020-01-11,24.39,,,,,,false
2020-01-16,24.56,,,,,,false
2020-01-21,24.85,,,,,,false
2020-02-03,24.16,,,,,,false
2020-02-10,24.66,,,,,,false
2020-02-17,24.67,,,,,,false
2020-02-24,23.37,,,,,,false
2020-03-02,20.69,,,,,,false
2020-03-09,20.74,,,,,,false
2020-03-16,18.95,,,,,,false
2020-03-23,16.18,,,,,,false
2020-03-30,17.79,,,,,,false
2020-04-07,18.69,,,,,,false
2020-04-13,19.55,,,,,,false
2020-04-20,20.61,,,,,,false
2020-04-27,20.78,,,,,,false
2020-05-06,23.44,,,,,,false
2020-05-11,24.24,,,,,,false
2020-05-18,23.62,,,,,,false
2020-05-25,24.65,,,,,,false
2020-06-01,25.5,,,,,,false
2020-06-08,26.72,,,,,,false
2020-06-15,25.52,,,,,,false
2020-06-22,26,,,,,,false
2020-06-29,25.3,,,,,,false
2020-07-06,26.31,,,,,,false
2020-07-13,27.02,,,,,,false
2020-07-20,27.94,,,,,,false
2020-07-27,28.81,,,,,,false
2020-08-03,30.88,,,,,,false
2020-08-10,33.09,,,,,,false
2020-08-17,33.39,,,,,,false
2020-08-24,33.56,,,,,,false
2020-08-31,34.5,,,,,,false
2020-09-07,33.7,,,,,,false
2020-09-14,32.8,,,,,,false
2020-09-21,32.47,,,,,,false
2020-09-28,32.25,,,,,,false
2020-10-09,33.59,,,,,,false
2020-10-14,34.51,,,,,,false
2020-10-19,33.99,,,,,,false
2020-10-26,34.19,,,,,,false
2020-11-02,31.88,,,,,,false
2020-11-09,34.11,,,,,,false
2020-11-16,35.06,,,,,,false
2020-11-23,34.63,,,,,,false
2020-11-30,35.44,,,,,,false
2020-12-07,35.97,,,,,,false
2020-12-14,35.5,,,,,,false
2020-12-21,36.52,,,,,,false
2020-12-28,36.46,,,,,,false
2021-01-04,36.98,,,,,,false
2021-01-11,37.68,,,,,,false
2021-01-18,37.01,,,,,,false
2021-01-25,37.5,,,,,,false
2021-02-01,36.19,,,,,,false
2021-02-08,39.45,,,,,,false
2021-02-18,39.86,,,,,,false
2021-02-23,39.7,,,,,,false
2021-03-01,38.57,,,,,,false
2021-03-08,38.96,,,,,,false
2021-03-15,39.86,,,,,,false
2021-03-22,39.75,,,,,,false
2021-03-29,40.28,,,,,,false
2021-04-06,41.45,,,,,,false
2021-04-12,42.05,,,,,,false
2021-04-19,40.86,,,,,,false
2021-04-26,39.05,,,,,,false
2021-05-06,32.81,,,,,,false
2021-05-11,32.65,,,,,,false
2021-05-17,32.56,,,,,,false
2021-05-24,32.19,,,,,,false
2021-05-31,32.36,,,,,,false
2021-06-07,32.47,,,,,,false
2021-06-15,32.69,,,,,,false
2021-06-21,32.03,,,,,,false
2021-06-28,32.67,,,,,,false
2021-07-05,33.07,,,,,,false
2021-07-12,33.21,,,,,,false
2021-07-19,32,,,,,,false
2021-07-26,31.59,,,,,,false
2021-08-02,29.01,,,,,,false
2021-08-09,27.75,,,,,,false
2021-08-16,27.58,,,,,,false
2021-08-23,27.3,,,,,,false
2021-08-30,27.78,,,,,,false
2021-09-06,27.89,,,,,,false
2021-09-13,27.43,,,,,,false
2021-09-22,26.79,,,,,,false
2021-09-27,27.39,,,,,,false
2021-10-08,26.95,75.3,75.2895752895753,high,high,2016-09-30,false
2021-10-13,26.67,73.8,73.84615384615385,high,high,2016-09-30,false
2021-10-18,27.06,75.9,75.86206896551724,high,high,2016-09-30,false
2021-10-25,26.93,74.8,74.80916030534351,high,high,2016-09-30,false
2021-11-01,26.21,72.6,72.6235741444867,high,high,2016-09-30,false
2021-11-08,26.34,73.1,73.10606060606061,high,high,2016-09-30,false
2021-11-15,26.15,72.1,72.0754716981132,high,high,2016-09-30,false
2021-11-22,26.19,72.2,72.18045112781954,high,high,2016-09-30,false
2021-11-29,25.51,70.4,70.4119850187266,high,high,2016-09-30,false
2021-12-06,25.18,67.5,67.53731343283582,mid,high,2016-09-30,false
2021-12-13,26.18,72.1,72.11895910780669,high,high,2016-09-30,false
2021-12-20,25.67,71.1,71.11111111111111,high,high,2016-09-30,false
2021-12-27,26.25,73.1,73.06273062730627,high,high,2016-09-30,false
2022-01-04,26.61,73.9,73.89705882352942,high,high,2016-09-30,false
2022-01-10,25.87,70.7,70.6959706959707,high,high,2016-09-30,false
2022-01-17,25.79,70.4,70.43795620437956,high,high,2016-09-30,false
2022-01-24,24.15,59.3,59.27272727272728,mid,high,2016-09-30,false
2022-02-07,23.07,28.6,28.6231884057971,low,high,2016-09-30,false
2022-02-14,22.46,23.8,23.826714801444044,low,low,2016-09-30,false
2022-02-21,21.84,20.1,20.14388489208633,low,low,2016-09-30,false
2022-02-28,21.55,17.2,17.20430107526882,low,low,2016-09-30,false
2022-03-07,21.24,15,15,low,low,2016-09-30,false
2022-03-14,20.67,8.5,8.540925266903916,low,low,2016-09-30,false
2022-03-21,21.94,21.6,21.631205673758867,low,low,2016-09-30,false
2022-03-28,22.34,24,24.02826855123675,low,low,2016-09-30,false
2022-04-02,22.33,23.9,23.943661971830984,low,low,2016-09-30,false
2022-04-07,22.01,22.5,22.45614035087719,low,low,2016-09-30,false
2022-04-12,21.6,18.5,18.53146853146853,low,low,2016-09-30,false
2022-04-18,21.69,19.9,19.860627177700348,low,low,2016-09-30,false
2022-04-25,21.13,13.9,13.88888888888889,low,low,2016-09-30,false
2022-05-05,21.17,14.5,14.53287197231834,low,low,2016-09-30,false
2022-05-10,19.55,4.5,4.482758620689655,low,low,2016-09-30,false
2022-05-16,19.67,5.5,5.498281786941581,low,low,2016-09-30,false
2022-05-23,19.02,2.7,2.73972602739726,low,low,2016-09-30,false
2022-05-30,20.21,7.2,7.167235494880546,low,low,2016-09-30,false
2022-06-06,20,6.5,6.462585034013606,low,low,2016-09-30,false
2022-06-13,19.06,3.1,3.050847457627119,low,low,2016-09-30,false
2022-06-20,17.95,1,1.0135135135135136,low,low,2016-09-30,false
2022-06-27,19.15,4,4.040404040404041,low,low,2016-09-30,false
2022-07-04,18.65,1.7,1.6778523489932886,low,low,2016-09-30,false
2022-07-11,19.09,4,4.013377926421405,low,low,2016-09-30,false
2022-07-18,18.97,3,3,low,low,2016-09-30,false
2022-07-25,19.45,6,5.980066445182724,low,low,2016-09-30,false
2022-08-01,20.2,9.6,9.602649006622517,low,low,2016-09-30,false
2022-08-08,20.37,10.2,10.231023102310232,low,low,2016-09-30,false
2022-08-15,21.89,25.7,25.657894736842106,low,low,2016-09-30,false
2022-08-22,21.62,23.6,23.60655737704918,low,low,2016-09-30,false
2022-08-29,20.79,14.7,14.705882352941178,low,low,2016-09-30,false
2022-09-05,20.09,9.1,9.120521172638437,low,low,2016-09-30,false
2022-09-13,21.04,17.5,17.532467532467532,low,low,2016-09-30,false
2022-09-19,19.82,8.1,8.090614886731391,low,low,2016-09-30,false
2022-09-26,18.89,2.3,2.258064516129032,low,low,2016-09-30,false
2022-10-10,18.69,2.3,2.2508038585209005,low,low,2016-09-30,false
2022-10-17,18.45,1.6,1.6025641025641024,low,low,2016-09-30,false
2022-10-24,19.4,6.7,6.7092651757188495,low,low,2016-09-30,false
2022-10-31,20.26,11.8,11.78343949044586,low,low,2016-09-30,false
2022-11-07,19.45,7.3,7.301587301587302,low,low,2016-09-30,false
2022-11-14,20.81,17.1,17.088607594936708,low,low,2016-09-30,false
2022-11-21,20.82,17.4,17.350157728706623,low,low,2016-09-30,false
2022-11-28,21.14,21.4,21.38364779874214,low,low,2016-09-30,false
2022-12-05,21.44,23.8,23.824451410658305,low,low,2016-09-30,false
2022-12-12,20.94,19.1,19.0625,low,low,2016-09-30,false
2022-12-19,20.01,10.3,10.2803738317757,low,low,2016-09-30,false
2022-12-26,20.12,11.2,11.180124223602485,low,low,2016-09-30,false
2023-01-03,20.08,10.8,10.8359133126935,low,low,2016-09-30,false
2023-01-09,20.43,13.6,13.580246913580247,low,low,2016-09-30,false
2023-01-16,21.01,20.3,20.307692307692307,low,low,2016-09-30,false
2023-01-30,21.78,29.8,29.754601226993866,low,low,2016-09-30,false
2023-02-06,22.73,36.1,36.08562691131498,mid,low,2016-09-30,false
2023-02-13,22.54,35.7,35.670731707317074,mid,mid,2016-09-30,false
2023-02-20,22.78,36.8,36.77811550151976,mid,mid,2016-09-30,false
2023-02-27,22.26,33.3,33.33333333333333,mid,mid,2016-09-30,false
2023-03-06,22.98,39.3,39.274924471299094,mid,mid,2016-09-30,false
2023-03-13,21.96,31,31.024096385542173,mid,mid,2016-09-30,false
2023-03-20,22.39,34.2,34.234234234234236,mid,mid,2016-09-30,false
2023-03-27,22.73,36.8,36.82634730538922,mid,mid,2016-09-30,false
2023-04-03,23.52,54.3,54.328358208955216,mid,mid,2016-09-30,false
2023-04-10,23.54,54.8,54.761904761904766,mid,mid,2016-09-30,false
2023-04-17,23.62,57.3,57.27002967359051,mid,mid,2016-09-30,false
2023-04-24,23.75,60.4,60.35502958579882,mid,mid,2016-09-30,false
2023-05-04,23.28,45.1,45.13274336283185,mid,mid,2016-09-30,false
2023-05-09,23.31,46.2,46.1764705882353,mid,mid,2016-09-30,false
2023-05-15,23.4,49.9,49.853372434017594,mid,mid,2016-09-30,false
2023-05-22,23.83,61.4,61.40350877192983,mid,mid,2016-09-30,false
2023-05-29,23.89,62.4,62.390670553935855,mid,mid,2016-09-30,false
2023-06-05,24.29,68.6,68.6046511627907,mid,mid,2016-09-30,false
2023-06-12,24.37,69,68.98550724637681,mid,mid,2016-09-30,false
2023-06-19,25.04,72.5,72.54335260115607,high,mid,2016-09-30,false
2023-06-26,24.72,70.9,70.89337175792507,high,mid,2016-09-30,false
2023-07-03,25.33,74.1,74.13793103448276,high,mid,2016-09-30,false
2023-07-10,25.05,72.5,72.49283667621776,high,mid,2016-09-30,false
2023-07-17,25.52,76,76,high,mid,2016-09-30,false
2023-07-24,25.58,76.4,76.35327635327636,high,high,2016-09-30,false
2023-07-31,25.92,77.3,77.27272727272727,high,high,2016-09-30,false
2023-08-07,25.57,75.9,75.92067988668555,high,high,2016-09-30,false
2023-08-14,24.4,67.8,67.79661016949152,mid,high,2016-09-30,false
2023-08-21,23.81,58.9,58.87323943661972,mid,high,2016-09-30,false
2023-08-28,23.94,62.4,62.35955056179775,mid,mid,2016-09-30,false
2023-09-04,24.55,68.3,68.34733893557423,mid,mid,2016-09-30,false
2023-09-11,24.27,66.5,66.4804469273743,mid,mid,2016-09-30,false
2023-09-18,24.19,65.5,65.45961002785515,mid,mid,2016-09-30,false
2023-09-25,23.45,48.9,48.888888888888886,mid,mid,2016-09-30,false
2023-10-09,23.43,48.5,48.476454293628805,mid,mid,2016-09-30,false
2023-10-16,23.46,49.2,49.171270718232044,mid,mid,2016-09-30,false
2023-10-23,22.65,33.6,33.608815426997246,mid,mid,2016-09-30,false
2023-10-30,21.64,25.8,25.82417582417583,low,mid,2016-09-30,false
2023-11-06,23.17,40.5,40.54794520547945,mid,mid,2016-09-30,false
2023-11-13,23.39,47,46.994535519125684,mid,mid,2016-09-30,false
2023-11-20,23.87,60.5,60.49046321525886,mid,mid,2016-09-30,false
2023-11-27,23.96,63,63.04347826086957,mid,mid,2016-09-30,false
2023-12-04,24.07,64.5,64.49864498644986,mid,mid,2016-09-30,false
2023-12-11,24.15,65.9,65.94594594594595,mid,mid,2016-09-30,false
2023-12-18,24.75,71.2,71.15902964959568,high,mid,2016-09-30,false
2023-12-25,24.99,72.6,72.58064516129032,high,mid,2016-09-30,false
2024-01-02,24.84,71.6,71.58176943699732,high,mid,2016-09-30,false
2024-01-08,24.74,70.6,70.58823529411765,high,mid,2016-09-30,false
2024-01-15,24.94,72.3,72.26666666666667,high,mid,2016-09-30,false
2024-01-22,25.42,75.3,75.2659574468085,high,mid,2016-09-30,false
2024-01-29,25.4,74.8,74.80106100795756,high,mid,2016-09-30,false
2024-02-05,25.32,74.3,74.33862433862434,high,mid,2016-09-30,false
2024-02-19,25.56,77.3,77.30870712401055,high,mid,2016-09-30,false
2024-02-26,26.45,81.1,81.05263157894737,high,high,2016-09-30,false
2024-03-04,25.5,75.9,75.8530183727034,high,high,2016-09-30,false
2024-03-11,25.43,74.9,74.86910994764398,high,high,2016-09-30,false
2024-03-18,25.44,74.9,74.93472584856397,high,high,2016-09-30,false
2024-03-25,26.02,79.2,79.16666666666666,high,high,2016-09-30,false
2024-04-01,26.19,80,80,high,high,2016-09-30,false
2024-04-08,25.94,78.5,78.49740932642487,high,high,2016-09-30,false
2024-04-15,25.6,77.3,77.2609819121447,high,high,2016-09-30,false
2024-04-22,24.82,69.1,69.0721649484536,mid,high,2016-09-30,false
2024-04-29,25.45,74.3,74.293059125964,high,high,2016-09-30,false
2024-05-06,25.52,76.2,76.15384615384615,high,high,2016-09-30,false
2024-05-13,26.24,80.6,80.56265984654732,high,high,2016-09-30,false
2024-05-20,26.65,81.9,81.88775510204081,high,high,2016-09-30,false
2024-05-27,26.55,81.4,81.42493638676844,high,high,2016-09-30,false
2024-06-03,26.37,81,80.96446700507614,high,high,2016-09-30,false
2024-06-11,26.83,82.8,82.78481012658227,high,high,2016-09-30,false
2024-06-17,27.16,84.1,84.0909090909091,high,high,2016-09-30,false
2024-06-24,27.34,84.4,84.38287153652394,high,high,2016-09-30,false
2024-07-01,27.3,84.2,84.17085427135679,high,high,2016-09-30,false
2024-07-08,27.88,86,85.96491228070175,high,high,2016-09-30,false
2024-07-15,28.04,86.5,86.5,high,high,2016-09-30,false
2024-07-22,27.37,84,84.03990024937656,high,high,2016-09-30,false
2024-07-29,26.77,81.1,81.09452736318407,high,high,2016-09-30,false
2024-08-05,26.09,76.9,76.92307692307693,high,high,2016-09-30,false
2024-08-12,26.03,76.7,76.73267326732673,high,high,2016-09-30,false
2024-08-19,27.09,83,82.96296296296296,high,high,2016-09-30,false
2024-08-26,27.48,85,84.97536945812809,high,high,2016-09-30,false
2024-09-02,27.37,84,84.02948402948402,high,high,2016-09-30,false
2024-09-09,26.26,78.2,78.18627450980392,high,high,2016-09-30,false
2024-09-18,27.57,85.1,85.08557457212714,high,high,2016-09-30,false
2024-09-23,27.92,86.3,86.34146341463415,high,high,2016-09-30,false
2024-09-30,28.06,86.9,86.86131386861314,high,high,2016-09-30,false
2024-10-08,27.88,85.7,85.67961165048543,high,high,2016-09-30,false
2024-10-14,28.43,86.9,86.92493946731234,high,high,2016-09-30,false
2024-10-21,28.99,87.2,87.19806763285024,high,high,2016-09-30,false
2024-10-28,28.68,86.7,86.74698795180723,high,high,2016-09-30,false
2024-11-04,27.71,84.1,84.13461538461539,high,high,2016-09-30,false
2024-11-11,29.17,87.5,87.52997601918466,high,high,2016-09-30,false
2024-11-18,28.56,86.4,86.36363636363636,high,high,2016-09-30,false
2024-11-25,28.78,86.6,86.63484486873509,high,high,2016-09-30,false
2024-12-02,29.14,87.4,87.38095238095238,high,high,2016-09-30,false
2024-12-07,29.43,87.6,87.64845605700712,high,high,2016-09-30,false
2024-12-12,29.51,87.7,87.67772511848341,high,high,2016-09-30,false
2024-12-17,29.36,87.2,87.2340425531915,high,high,2016-09-30,false
2024-12-23,28.67,85.4,85.37735849056604,high,high,2016-09-30,false
2024-12-30,28.86,86.1,86.11764705882354,high,high,2016-09-30,false
2025-01-06,28.72,85.4,85.44600938967136,high,high,2016-09-30,false
2025-01-13,28.21,84.3,84.30913348946136,high,high,2016-09-30,false
2025-01-20,28.54,84.6,84.57943925233646,high,high,2016-09-30,false
2025-01-27,28.78,85.8,85.78088578088578,high,high,2016-09-30,false
2025-02-05,28.38,84,83.95348837209302,high,high,2016-09-30,false
2025-02-10,27.92,82.8,82.830626450116,high,high,2016-09-30,false
2025-02-17,28.3,83.8,83.79629629629629,high,high,2016-09-30,false
2025-02-24,27.81,81.5,81.5242494226328,high,high,2016-09-30,false
2025-03-03,27.38,79.3,79.26267281105991,high,high,2016-09-30,false
2025-03-10,26.52,74.5,74.48275862068967,high,high,2016-09-30,false
2025-03-17,25.95,70.6,70.64220183486239,high,high,2016-09-30,false
2025-03-24,26.12,71.6,71.62471395881008,high,high,2016-09-30,false
2025-03-31,25.7,69.4,69.40639269406392,mid,high,2016-09-30,false
2025-04-07,23.42,40.1,40.091116173120724,mid,high,2016-09-30,false
2025-04-14,24.71,60,60,mid,mid,2016-09-30,false
2025-04-21,24.09,54.6,54.6485260770975,mid,mid,2016-09-30,false
2025-04-28,24.73,60.4,60.40723981900452,mid,mid,2016-09-30,false
2025-05-06,25.31,64.6,64.55981941309255,mid,mid,2016-09-30,false
2025-05-12,25.29,64,63.96396396396396,mid,mid,2016-09-30,false
2025-05-19,26.72,76.2,76.17977528089888,high,mid,2016-09-30,false
2025-05-26,26.06,71.5,71.52466367713004,high,mid,2016-09-30,false
2025-06-03,26.73,76.3,76.28635346756153,high,mid,2016-09-30,false
2025-06-09,26.91,77.2,77.23214285714286,high,high,2016-09-30,false
2025-06-16,27.04,78,77.9510022271715,high,high,2016-09-30,false
2025-06-23,26.94,77.3,77.33333333333333,high,high,2016-09-30,false
2025-06-30,27.77,81.8,81.81818181818183,high,high,2016-09-30,false
2025-07-07,27.89,83,82.96460176991151,high,high,2016-09-30,false
2025-07-14,28.08,84.1,84.10596026490066,high,high,2016-09-30,false
2025-07-21,28.23,84.4,84.36123348017621,high,high,2016-09-30,false
2025-07-28,28.53,85.1,85.05494505494505,high,high,2016-09-30,false
2025-08-04,28.19,83.8,83.77192982456141,high,high,2016-09-30,false
2025-08-11,28.21,84,84.02625820568927,high,high,2016-09-30,false
2025-08-18,28.56,85.6,85.58951965065502,high,high,2016-09-30,false
2025-08-25,28.5,84.7,84.74945533769062,high,high,2016-09-30,false
2025-09-01,28.38,84.3,84.34782608695653,high,high,2016-09-30,false
2025-09-08,28.59,85.7,85.68329718004338,high,high,2016-09-30,false
2025-09-15,29.27,88.1,88.09523809523809,high,high,2016-09-30,false
2025-09-22,29.72,88.8,88.76889848812095,high,high,2016-09-30,false
2025-09-29,29.49,88.4,88.36206896551724,high,high,2016-09-30,false
2025-10-09,29.76,88.8,88.81720430107526,high,high,2016-09-30,false
2025-10-14,29.32,87.6,87.55364806866953,high,high,2016-09-30,false
2025-10-20,29.64,88.4,88.43683083511777,high,high,2016-09-30,false
2025-10-27,29.74,88.7,88.67521367521367,high,high,2016-09-30,false
2025-11-03,29.26,86.8,86.78038379530916,high,high,2016-09-30,false
2025-11-10,29.15,86.4,86.38297872340426,high,high,2016-09-30,false
2025-11-17,28.45,82.8,82.80254777070064,high,high,2016-09-30,false
2025-11-24,28.62,84.1,84.11016949152543,high,high,2016-09-30,false
2025-12-01,29.07,86,86.04651162790698,high,high,2016-09-30,false
2025-12-08,29.23,86.7,86.70886075949366,high,high,2016-09-30,false
2025-12-15,29.01,85.7,85.68421052631578,high,high,2016-09-30,false
2025-12-22,29.31,87.2,87.18487394957984,high,high,2016-09-30,false
2025-12-29,29.43,87.8,87.84067085953879,high,high,2016-09-30,false
2026-01-05,29.43,87.9,87.86610878661088,high,high,2016-09-30,false
2026-01-12,29.82,89.1,89.14405010438414,high,high,2016-09-30,false
2026-01-19,29.61,88.1,88.125,high,high,2016-09-30,false
2026-01-26,29.69,88.4,88.35758835758836,high,high,2016-09-30,false
2026-02-02,29.42,86.7,86.72199170124482,high,high,2016-09-30,false
2026-02-09,28.86,83.9,83.85093167701864,high,high,2016-09-30,false
2026-02-24,28.82,83.5,83.47107438016529,high,high,2016-09-30,false
2026-03-02,28.58,81.6,81.64948453608247,high,high,2016-09-30,false
2026-03-09,28.22,79.2,79.21810699588477,high,high,2016-09-30,false
2026-03-16,27.78,76.2,76.18069815195072,high,high,2016-09-30,false
2026-03-23,27.4,74.4,74.38524590163934,high,high,2016-09-30,false
2026-03-30,26.32,67.7,67.68916155419224,mid,high,2016-09-30,false
2026-04-07,27.52,74.9,74.89795918367346,high,high,2016-09-30,false
2026-04-13,28.65,82.3,82.28105906313645,high,high,2016-09-30,false
2026-04-20,29.52,88,88.00813008130082,high,high,2016-09-30,false
2026-04-27,29.62,88.2,88.23529411764706,high,high,2016-09-30,false
2026-05-06,29.12,84.6,84.61538461538461,high,high,2016-09-30,false
2026-05-11,29.15,85.1,85.05050505050505,high,high,2016-09-30,false
2026-05-18,29.12,84.5,84.4758064516129,high,high,2016-09-30,false
2026-05-25,28.76,82.1,82.09255533199196,high,high,2016-09-30,false
2026-06-01,29.15,85.1,85.14056224899599,high,high,2016-09-30,false
2026-06-08,28.33,78.6,78.55711422845691,high,high,2016-09-30,false
2026-06-15,28.86,83.2,83.2,high,high,2016-09-30,false
2026-06-22,28.54,79.8,79.84031936127745,high,high,2016-09-30,false
2026-06-29,28.12,76.9,76.89243027888446,high,high,2016-09-30,false
2026-07-06,28.56,80.3,80.31809145129225,high,high,2016-09-30,false
2026-07-13,28.39,78.6,78.57142857142857,high,high,2016-09-30,false
2026-07-20,27.86,74.5,74.45544554455445,high,high,2016-09-30,false
2026-07-27,25.92,62.1,62.055335968379445,mid,high,2016-09-30,false
2026-08-03,25.81,61.5,61.53846153846154,mid,mid,2016-09-30,false
2026-08-10,25.93,62.2,62.20472440944882,mid,mid,2016-09-30,false
2026-08-17,25.87,61.7,61.68958742632613,mid,mid,2016-09-30,false
2026-08-24,25.58,60.4,60.3921568627451,mid,mid,2016-09-30,false
2026-08-31,25.3,56,55.96868884540117,mid,mid,2016-09-30,false
2026-09-07,25.33,56.8,56.8359375,mid,mid,2016-09-30,false
2026-09-14,25.08,54.8,54.77582846003899,mid,mid,2016-09-30,false
2026-09-21,25.57,60.3,60.311284046692606,mid,mid,2016-09-30,false
2026-09-28,25.24,55.1,55.14563106796116,mid,mid,2016-09-30,false
2026-09-30,25.14,54.8,54.84496124031008,mid,mid,2016-09-30,true
