date,from,to,pe_ttm,percentile,full_window
2016-06-28,,mid,12.09,63.3,false
2016-09-08,mid,high,13.68,77,false
2018-01-24,high,extreme,16.68,96.4,false
2018-03-29,extreme,high,14.75,81,false
2018-05-08,high,mid,13.73,63.4,false
2020-07-10,mid,extreme,15.41,92.9,false
2021-05-12,extreme,high,14.76,78.4,false
2021-11-05,high,mid,13.55,59.5,true
2021-12-17,mid,high,14.87,79.4,true
2022-02-03,high,mid,13.76,63.3,true
2022-09-28,mid,low,11.48,23.6,true
2023-01-26,low,mid,12.38,35.9,true
2023-05-30,mid,low,11.83,23.5,true
2024-05-10,low,mid,12.62,41,true
2024-07-29,mid,low,11.81,20.5,true
2024-10-03,low,mid,13.54,58.2,true
2025-09-17,mid,high,14.33,78.9,true
2026-09-07,high,mid,13.64,58.1,true
